Computers,Demimbu,84,10/28/2018,Purple
Games,Edgewire,55,6/1/2018,Blue
Home,Babbleset,85,10/29/2018,Khaki
Music,Rhycero,48,1/21/2018,Pink
Sports,Fivebridge,96,2/11/2018,Violet
Grocery,Zoomdog,96,7/2/2018,Aquamarine
Beauty,Zoombox,67,8/9/2018,Red
Baby,Feedmix,20,9/11/2018,Violet
Automotive,Oyoloo,62,11/7/2018,Indigo
Grocery,Zazio,46,1/30/2018,Purple
Movies,Yamia,67,5/26/2018,Orange
Clothing,Tazzy,84,4/21/2018,Mauv
Grocery,Feedfish,95,10/21/2018,Crimson
Garden,Realcube,74,9/15/2018,Orange
Music,Eire,79,8/22/2018,Khaki
Computers,Agimba,68,9/4/2018,Teal
Toys,Tagtune,78,10/10/2018,Teal
Electronics,Chatterbridge,82,9/17/2018,Teal
Games,Janyx,100,8/17/2018,Blue
Toys,Meevee,47,8/24/2018,Blue
Electronics,Dabjam,83,4/9/2018,Green
Health,Gabcube,61,8/7/2018,Khaki
Music,Meeveo,48,7/21/2018,Fuscia
Outdoors,Gevee,34,11/11/2018,Puce
Tools,Demizz,26,7/17/2018,Purple
Beauty,Avamba,26,4/21/2018,Goldenrod
Computers,Omba,81,2/16/2018,Goldenrod
Toys,Dazzlesphere,45,3/24/2018,Yellow
Grocery,Wordify,86,1/17/2018,Maroon
Kids,Pixoboo,56,2/26/2018,Orange
Tools,Photobean,76,5/15/2018,Violet
Industrial,Livetube,21,9/8/2018,Blue
Jewelery,Browseblab,82,7/10/2018,Green
Grocery,Bubblebox,78,2/22/2018,Crimson
Toys,JumpXS,11,5/17/2018,Maroon
Kids,Chatterbridge,78,11/19/2018,Orange
Outdoors,Photofeed,59,12/17/2017,Goldenrod
Home,Dynava,12,5/29/2018,Green
Movies,Kwideo,66,6/12/2018,Aquamarine
Grocery,Ozu,81,1/18/2018,Purple
Sports,Shuffledrive,61,6/30/2018,Pink
Kids,Kwideo,32,11/27/2017,Green
Electronics,Livetube,19,11/13/2018,Goldenrod
Computers,Eimbee,37,2/8/2018,Teal
Shoes,Quaxo,69,10/30/2018,Violet
Tools,Omba,99,10/10/2018,Goldenrod
Industrial,Dabtype,45,1/17/2018,Fuscia
Garden,Tazz,90,3/4/2018,Mauv
Electronics,Vinte,55,7/8/2018,Puce
Industrial,Photolist,21,5/28/2018,Aquamarine
Jewelery,Tagpad,90,9/7/2018,Orange
Movies,Realblab,82,3/24/2018,Purple
Sports,Topicstorm,71,12/28/2017,Khaki
Health,Avamm,73,8/20/2018,Fuscia
Baby,Muxo,31,10/30/2018,Turquoise
Computers,Npath,55,3/4/2018,Yellow
Kids,Topicstorm,90,3/3/2018,Turquoise
Outdoors,Yabox,24,5/12/2018,Maroon
Toys,Divavu,29,9/24/2018,Purple
Beauty,Meetz,69,2/24/2018,Pink
Health,Zoombox,88,5/20/2018,Teal
Shoes,Feedfish,28,10/16/2018,Orange
Beauty,Jaxspan,88,9/27/2018,Khaki
Computers,Realbuzz,88,11/1/2018,Purple
Clothing,Photolist,64,7/10/2018,Pink
Movies,Photofeed,33,5/26/2018,Puce
Movies,Feedbug,37,4/10/2018,Red
Industrial,Quimm,85,2/17/2018,Red
Grocery,Feedspan,79,1/4/2018,Indigo
Computers,Vimbo,11,6/15/2018,Goldenrod
Sports,Feedfire,77,3/15/2018,Puce
Garden,Meevee,66,9/27/2018,Violet
Toys,Realcube,29,1/15/2018,Aquamarine
Health,Kanoodle,52,7/14/2018,Indigo
Movies,Wikibox,17,12/4/2017,Violet
Computers,Browsedrive,80,10/17/2018,Fuscia
Baby,Oyondu,76,9/20/2018,Pink
Shoes,Eadel,19,10/23/2018,Turquoise
Clothing,Meeveo,77,5/16/2018,Turquoise
Automotive,Thoughtsphere,63,3/21/2018,Aquamarine
Games,Meembee,87,6/3/2018,Mauv
Sports,Miboo,32,5/19/2018,Teal
Jewelery,Tagchat,29,9/17/2018,Red
Sports,Twitterworks,75,2/26/2018,Puce
Toys,Brightdog,55,6/14/2018,Puce
Sports,Bubbletube,58,11/15/2018,Green
Clothing,Meezzy,58,1/16/2018,Khaki
Movies,Edgeclub,22,11/18/2018,Teal
Music,Zava,69,4/25/2018,Maroon
Books,Twimm,93,2/18/2018,Orange
Jewelery,Twitternation,90,4/20/2018,Goldenrod
Computers,Twinte,29,6/20/2018,Pink
Baby,Leenti,78,11/3/2018,Purple
Health,Pixonyx,20,2/1/2018,Orange
Shoes,Trunyx,40,3/17/2018,Puce
Baby,Realbuzz,80,3/22/2018,Green
Baby,Twitterbeat,10,5/17/2018,Orange
Grocery,Brainlounge,89,10/1/2018,Goldenrod
Books,Flashpoint,61,5/10/2018,Crimson
Kids,Yombu,54,3/16/2018,Blue
